"Application Number","Application Type","Application Approval Date ","Board Code","License Type Code","Licensee Name","Rank Code","Modifier Code","Mailing Name","Mailing Street Address","Mailing Address Line 2","Mailing Address Line 3","Mailing City","Mailing State Code","Mailing Zip Code","Primary Phone Number","Mailing County Code","Business Name","Filler","Location Street Address","Location Address Line 2","Location Address Line 3","Location City","Location State Code","Location Zip Code","Location County Code","Location County","Secondary Phone Number","District","Region","License Number","Primary Status Code","Secondary Status Code","License Expiry Date","Last Inspection Date","Number of Seats","Base Risk Level","Secondary Risk Level"
"1833897","Plan Review and Initial (COMBO SEAT)","07/17/2026","200","2010","EMERALD HALLI LLC","SEAT","","EMERALD HALLI LLC","","423 EMERALD DR S"," ","INDIAN HARBOUR BEACH","FL","32937","910-297-0348","15","SALTY BAGEL"," ","223 W HIBISCUSS BLVD","","","MELBOURNE","FL","32901","15","Brevard","","D4","03","SEA1507428","20","20","04/01/2027","07/17/2026","11","",""
"1850814","Plan Review and Initial (COMBO SEAT)","07/16/2026","200","2010","NEWS AT THE BEACH LLC","SEAT","","NEWS AT THE BEACH LLC","Jeff Kennedy","20 OLIVE ST"," ","COCOA BEACH","FL","32931","321-480-4688","15","SURF CLUB HAUS"," ","102  N BREVARD AVE","","","COCOA BEACH","FL","32931","15","Brevard","321-613-2209","D4","10","SEA1507427","20","20","04/01/2027","09/18/2026","20","",""
"1856786","Plan Review and Initial (COMBO SEAT)","09/08/2026","200","2010","VALDES KITCHEN INC","SEAT","","VALDES KITCHEN INC","","1006 GARLENDA AVE SW"," ","PALM BAY","FL","32908","321-890-9034","15","HENRYS CUBAN CAFE #5"," ","5600  N HARBOR CITY BLVD","4","","MELBOURNE","FL","32940","15","Brevard","321-890-9034","D4","12","SEA1507435","20","20","04/01/2027","09/08/2026","12","",""
"1858889","Plan Review and Initial (COMBO SEAT)","07/14/2026","200","2010","TURNING POINT OF ROCKLEDGE FL LLC","SEAT","","TURNING POINT OF ROCKLEDGE FL LLC","","1605 NJ 35 2ND FLOOR"," ","OAKHURST","NJ","07755","732-837-3144","730","TURNING POINT OF VIERA"," ","1995 VIERA BLVD STE 104","","","ROCKLEDGE","FL","32955","15","Brevard","321-260-2960","D4","12","SEA1507426","20","20","04/01/2027","07/14/2026","150","",""
"1859706","Plan Review and Initial (COMBO SEAT)","07/10/2026","200","2010","GRAV SOUTH HOSPITALITY LLC","SEAT","","GRAV SOUTH HOSPITALITY LLC","","4356 S HOPKINS AVE"," ","TITUSVILLE","FL","32780","321-404-8466","15","GRAV SOUTH WINE BAR"," ","4356 S HOPKINS AVE","","","TITUSVILLE","FL","32780","15","Brevard","321-404-8466","D4","13","SEA1507425","20","20","04/01/2027","07/10/2026","40","",""
"1861379","Plan Review and Initial (COMBO SEAT)","09/30/2026","200","2010","ROCKET SPACE LLC","SEAT","","ROCKET SPACE LLC","","566 BARTON BLVD STE 10"," ","ROCKLEDGE","FL","32955","3212087671","15","ROCKET BAGELS ROCKLEDGE"," ","566 BARTON BLVD STE 10","","","ROCKLEDGE","FL","32955","15","Brevard","3474301250","D4","12","SEA1507442","20","20","04/01/2027","09/30/2026","14","",""
"1862448","Plan Review and Initial (COMBO SEAT)","07/29/2026","200","2010","TUCKNSTUFF LLC","SEAT","","TUCKNSTUFF LLC","","5450 STADIUM PKWY"," ","VIERA","FL","32940","321-243-0844","15","CAPT'N TONY'S TRAVELERS TABLE"," ","5450  STADIUM PKWY","","","VIERA","FL","32940","15","Brevard","321-243-0844","D4","12","SEA1507429","20","20","04/01/2027","07/29/2026","32","",""
"1862533","Plan Review and Initial (COMBO NO SEAT)","08/03/2026","200","2010","XPRESS COMMISSARY PARTNERS LLC","NOST","","XPRESS COMMISSARY PARTNERS LLC","","1325 SANDSTONE RUN"," ","SANFORD","FL","32771","4074857780","69","XPRESS COMMISSARY PARTNERS LLC"," ","3280 SUNTREE BLVD STE 105","","","MELBOURNE","FL","32940","15","Brevard","4074857780","D4","12","NOS1507430","20","20","04/01/2027","07/21/2026","0","",""
"1862553","Plan Review and Initial (COMBO SEAT)","08/07/2026","200","2010","GUMPS GOLDEN LLC","SEAT","","GUMPS GOLDEN LLC","","4335 TANGELO AVE"," ","COCOA","FL","32926","386-689-5463","15","GUMP'S GOLDEN GRIDDLE"," ","200  BARTON BLVD","","","ROCKLEDGE","FL","32955","15","Brevard","386-576-7443","D4","12","SEA1507432","20","20","04/01/2027","08/07/2026","78","",""
"1874735","Issue Initial License(NOST)","08/12/2026","200","2010","FUEGO PAELLA COMPANY, LLC","NOST","","FUEGO PAELLA COMPANY, LLC","","780 MONTCLAIR RD NE"," ","PALM BAY","FL","32905","(321) 338-0111","15","FUEGO PAELLA COMPANY"," ","4590 BABCOCK ST","SUITE 105","","PALM BAY","FL","32905","15","Brevard","(321) 338-0111","D4","03","NOS1507431","20","20","04/01/2027","08/12/2026","0","",""
"1875024","Issue Initial License(NOST)","09/10/2026","200","2010","PIES BY HEAVEN LLC","NOST","","","","","","","","","","","PIES BY HEAVEN"," ","416 N HARBOR CITY BLVD","","","MELBOURNE","FL","32935","15","Brevard","321-345-1898","D4","09","NOS1507433","20","20","04/01/2027","09/10/2026","0","",""
"1875275","Issue Initial License(NOST)","08/27/2026","200","2010","GOLDEN CRUMBS EVENTS LLC","NOST","","","","","","","","","","","GOLDEN CRUMBSEVENTS LLC"," ","3280 SUNTREE BLVD STE 105","","","SUNTREE","FL","32940","15","Brevard","321-389-9413","D4","12","NOS1507434","20","20","04/01/2027","08/27/2026","0","",""
"1877632","Plan Review and Initial (COMBO SEAT)","09/28/2026","200","2010","CHICAGO STYLE EATS LLC","SEAT","","CHICAGO STYLE EATS LLC","","4700 BABCOCK ST"," ","PALM BAY","FL","32905","3864449503","15","POPS CHICAGO STYLE EATS LLC"," ","4700 BABCOCK ST","","","PALM BAY","FL","32905","15","Brevard","3864449503","D4","03","SEA1507441","20","20","04/01/2027","09/28/2026","40","",""
"1878394","Plan Review and Initial (COMBO SEAT)","09/25/2026","200","2010","JOY JAPAN PALM BAY LLC","SEAT","","JOY JAPAN PALM BAY LLC","","9179 BABCOCK ST SE STE 105"," ","PALM BAY","FL","32909","9174998807","15","JOY JAPAN SUSHI&HIBACHI"," ","9179 BABCOCK ST SE STE 105","","","PALM BAY","FL","32909","15","Brevard","9174998807","D4","11","SEA1507440","20","20","04/01/2027","09/25/2026","86","",""
"260291","Plan Review and Initial (COMBO MFDV)","07/09/2026","200","2014","LEXIS LOBSTER ROLLS LLC","MFDV","","LEXIS LOBSTER ROLLS LLC","KELLY PALMER","243 LANSING ISLAND DR"," ","SATELLITE BEACH","FL","32937","321-848-8211","15","LEXI'S LOBSTER ROLLS"," ","2112 SARNO RD","","","MELBOURNE","FL","32935","15","Brevard","321-501-9140","D4","09","MFD1551147","20","20","04/01/2027","07/09/2026","0","",""
"264970","Plan Review and Initial (COMBO MFDV)","07/10/2026","200","2014","ELLIE'S DELI LLC","MFDV","","ELLIE'S DELI LLC","","245 AVOCADO ST"," ","SATELLITE BEACH","FL","32937","321-945-1623","15","ELLIE'S DELI"," ","140  TOMAHAWK DR","","","INDIAN HARBOUR BEACH","FL","32937","15","Brevard","","D4","09","MFD1551148","20","20","04/01/2027","07/10/2026","0","",""
"265770","Plan Review and Initial (COMBO MFDV)","09/14/2026","200","2014","DELICIA LATINA LLC","MFDV","","DELICIA LATINA LLC","","1715 DIXON BLVD APT 101"," ","COCOA","FL","32922","","15","DELICIA LATINA"," ","1105  CLEARLAKE RD","","","COCOA","FL","32922","15","Brevard","321-380-7942","D4","12","MFD1551159","20","20","04/01/2027","09/14/2026","0","",""
"267370","Plan Review and Initial (COMBO MFDV)","07/14/2026","200","2014","WINGS DETECTIVE LLC","MFDV","","WINGS DETECTIVE LLC","","985 BOUGANVILLEA DR"," ","ROCKLEDGE","FL","32955","321-895-6803","15","WINGS DETECTIVE"," ","4 HARRISON ST","STE 100","","COCOA","FL","32922","15","Brevard","321-566-5398","D4","12","MFD1551150","20","20","04/01/2027","07/14/2026","0","",""
"267766","Plan Review and Initial (COMBO Hot Dog)","09/24/2026","200","2014","CAPT RON'S GALLEY LLC","HTDG","","CAPT RON'S GALLEY LLC","","1973 BROOKSIDE ST NE"," ","PALM BAY","FL","32907-2614","3215442532","15","CAPT RONS GALLEY"," ","681 N WICKHAM RD STE A","","","MELBOURNE","FL","32935","15","Brevard","321-259-6100","D4","09","HTD1551162","20","20","04/01/2027","09/24/2026","0","",""
"267769","Plan Review and Initial (COMBO MFDV)","08/24/2026","200","2014","LNSS GROUP LLC","MFDV","","LNSS GROUP LLC","","6411 BORASCO DR UNIT 310"," ","MELBOURNE","FL","32940","3216820988","15","MODERN ASIAN CURATED STREETFOODS"," ","2431 TOWN CTR AVE BLDG #2","","","MELBOURNE","FL","32940","15","Brevard","3216820988","D4","12","MFD1551157","20","20","04/01/2027","08/24/2026","0","",""
"268446","Plan Review and Initial (COMBO MFDV)","07/10/2026","200","2014","LOU'S BLUES","MFDV","","LOU'S BLUES","","3447 INDIAN RIVER DR"," ","COCOA","FL","32926-6607","4076194684","15","LOU'S BLUES BAR AND GRILL"," ","3191 N HWY A1A","","","INDIALANTIC","FL","32903","15","Brevard","4076194684","D4","09","MFD1551149","20","20","04/01/2027","07/10/2026","0","",""
"269038","Issue Initial License","08/24/2026","200","2014","SIGNATURE BBQ LLC","MFDV","","SIGNATURE BBQ LLC","Kerrissa Adams","2859 PALISADES DR"," ","PALM BAY","FL","32909","321-614-1944","15","SIGNATURE BBQ"," ","217 DIXIE LN","","","ROCKLEDGE","FL","32955","15","Brevard","","D4","09","MFD1551139","20","20","04/01/2027","08/24/2026","0","",""
"269378","Plan Review and Initial (COMBO MFDV)","07/16/2026","200","2014","FRUITYBARA LLC","MFDV","","FRUITYBARA LLC","ADRIAN GARCIA","618 GEORGIA AVE"," ","MELBOURNE","FL","32901","3523971244","15","FRUITYBARA"," ","4590 BABCOCK ST NE STE 105","","","PALM BAY","FL","32905","15","Brevard","3523971244","D4","03","MFD1551151","20","20","04/01/2027","07/16/2026","0","",""
"269559","Plan Review and Initial (COMBO MFDV)","08/06/2026","200","2014","HYACINTH ELLIOTT","MFDV","","HYACINTH ELLIOTT","","1636 AGNES AVE SE"," ","PALM BAY","FL","32909","321-557-1983","15","ISLAND KITCHEN ON WHEELS"," ","160 MALABAR RD SW STE 117-119","","","PALM BAY","FL","32907","15","Brevard","321-327-3036","D4","11","MFD1551153","20","20","04/01/2027","07/20/2026","0","",""
"270062","Plan Review and Initial (COMBO MFDV)","08/07/2026","200","2014","NATIVE SPICE ON GRILL LLC","MFDV","","NATIVE SPICE ON GRILL LLC","","407 SCODELLA ST"," ","PALM BAY","FL","32908","404-422-3448","15","NATIVE SPICE ON GRILL"," ","4590 BABCOCK ST NE","","","PALM BAY","FL","32905","15","Brevard","321-209-3032","D4","03","MFD1551154","20","20","04/01/2027","08/07/2026","0","",""
"273273","Plan Review and Initial (COMBO MFDV)","09/28/2026","200","2014","EL SALPICONAZO LLC","MFDV","","EL SALPICONAZO LLC","","10493 NW SUNCREST LOOP"," ","PORT ST LUCIE","FL","34987","561-603-0776","66","SALPICONAZO"," ","4590 BABCOCK ST STE 105","","","PALM BAY","FL","32905","15","Brevard","3212093032","D4","03","MFD1551163","20","20","04/01/2027","09/28/2026","0","",""
"273289","Issue Initial License","09/08/2026","200","2014","DUO BROTHERS BBQ LLC","MFDV","","DUO BROTHERS BBQ LLC","","600 KUREK CT UNIT 124"," ","MERRITT ISLAND","FL","32953","505-313-3435","15","DUO BROTHERS BBQ"," ","310 LAGOON WAY","","","MERRITT ISLAND","FL","32953","15","Brevard","505-313-3435","D4","10","MFD1551152","20","20","04/01/2027","09/08/2026","0","",""
"273494","Plan Review and Initial (COMBO Hot Dog)","09/16/2026","200","2014","G-DOGZ LLC","HTDG","","G-DOGZ LLC","","534 BOUNTY AVE NE"," ","PALM BAY","FL","32907","678-431-1376","15","G-DOGZ"," ","4590 BABCOCK ST STE 105","","","PALM BAY","FL","32905","15","Brevard","(321) 245-0602","D4","03","HTD1551160","20","20","04/01/2027","09/15/2026","0","",""
"273845","Issue Initial License","08/19/2026","200","2014","PA'S DAWGS LLC","HTDG","","","","","","","","","","","PA'S DAWGS LLC"," ","2112 SARNO RD","","","MELBOURNE","FL","32935","15","Brevard","3215019140","D4","09","HTD1551156","20","20","04/01/2027","08/19/2026","0","",""
"274022","Plan Review and Initial (COMBO MFDV)","09/04/2026","200","2014","MOLERO FOOD SERVICE GROUP LLC","MFDV","","MOLERO FOOD SERVICE GROUP LLC","","3260 DARYL TERRACE"," ","TITUSVILLE","FL","32796","3059056645","15","TITUS BURGER"," ","1450 N WASHINGTON AVE","","","TITUSVILLE","FL","32796","15","Brevard","3059056645","D4","13","MFD1551158","20","20","04/01/2027","09/04/2026","0","",""
"274137","Issue Initial License","08/26/2026","200","2014","DANIEL TODD","MFDV","","DANIEL TODD","","2431 TOWN CENTER AVE BLDG 2"," ","MELBOURNE","FL","32940","321-863-5698","15","DOUGH PIZZA CO"," ","2431 TOWN CENTER AVE BLDG 2","","","MELBOURNE","FL","32940","15","Brevard","321-863-5698","D4","12","MFD1551137","20","20","04/01/2027","08/26/2026","0","",""
"274182","Issue Initial License","08/26/2026","200","2014","BEEG'S ICE CREAM & SWEETS LLC","MFDV","","BEEG'S ICE CREAM & SWEETS LLC","","2431 TOWN CENTER AVE BLDG 2"," ","MELBOURNE","FL","32940","321-863-5698","15","BEEG'S SWEET SHACK"," ","2431 TOWN CENTER AVE BLDG 2","","","MELBOURNE","FL","32940","15","Brevard","321-863-5698","D4","12","MFD1551138","20","20","04/01/2027","08/26/2026","0","",""
"274384","Issue Initial License","09/23/2026","200","2014","DAVID CAMPBELL","MFDV","","DAVID CAMPBELL","","854 SERENADE NW"," ","PALM BAY","FL","32909","3215413622","15","A1JERKANDSOULFOODLLC"," ","4590 BABCOCK ST STE 105","","","PALM BAY","FL","32905","15","Brevard","3215413622","D4","03","MFD1551155","20","20","04/01/2027","09/23/2026","0","",""
"274929","Plan Review and Initial (COMBO MFDV)","09/17/2026","200","2014","CASA GELO LLC","MFDV","","CASA GELO LLC","","5312 PICARDY CT"," ","VIERA","FL","32955","321-704-5339","15","CASA GELO"," ","7645 STADIUM PKWY #101","","","MELBOURNE","FL","32940","15","Brevard","","D4","12","MFD1551161","20","20","04/01/2027","09/17/2026","0","",""
"29783","Issue Initial License","08/11/2026","200","2015","MINI MELTS USA, LLC","VEND","","MINI MELTS USA, LLC","SUNSETCAFE01","8249 PARKLINE BLVD"," ","ORLANDO","FL","32809","617-816-3397","58","SUNSETCAFE01"," ","500 W COCOA BEACH CAUSEWAY","","","COCOA BEACH","FL","32931","15","Brevard","617-816-3397","D4","10","VEN1505764","20","20","04/01/2027","08/11/2026","0","",""
"56266","Issue Initial License","08/13/2026","200","2013","CURATED TABLE LLC","CATR","","","","","","","","","","","CURATED TABLE LLC"," ","4590 BABCOCK ST STE 105","","","PALM BAY","FL","32905","15","Brevard","321-209-3032","D4","03","CAT1505700","20","20","04/01/2027","08/13/2026","0","",""
"56682","Issue Initial License","08/19/2026","200","2013","CHEESEBOARDS321 LLC","CATR","","CHEESEBOARDS321 LLC","","7901  4TH ST NORTH"," ","ST. PETERSBURG","FL","33702","321-343-2827","62","CHEESEBOARDS321"," ","416 N HARBOR CITY BLVD","","","MELBOURNE","FL","32935","15","Brevard","321-986-7724","D4","09","CAT1505703","20","20","04/01/2027","08/19/2026","0","",""
"57450","Issue Initial License","09/17/2026","200","2013","KASIKA CATERING INC","CATR","","","","","","","","","","","KASIKA CATERING INC"," ","1185 MALABAR RD SE","","","PALM BAY","FL","32907","15","Brevard","321-362-9707","D4","11","CAT1505705","20","20","04/01/2027","09/17/2026","0","",""
"57551","Issue Initial License","09/18/2026","200","2013","SEA SALT & TALLOW LLC","CATR","","","","","","","","","","","SEA SALT & TALLOW LLC"," ","4590 BABCOCK ST STE 105","","","PALM BAY","FL","32905","15","Brevard","321-209-3032","D4","03","CAT1505706","20","20","04/01/2027","09/18/2026","0","",""
"1642293","Plan Review and Initial (COMBO SEAT)","09/04/2026","200","2010","CRAZY CRABS ORLANDO LLC","SEAT","","CRAZY CRABS ORLANDO LLC","","400 SAVAGE CT"," ","LONGWOOD","FL","32750","407-455-2469","69","CRAZY LOBSTER"," ","5913 S ORANGE BLOSSOM TRL","","","ORLANDO","FL","32809","58","Orange","407-455-2469","D4","44","SEA5816710","20","20","04/01/2027","09/04/2026","192","",""
"1704364","Plan Review and Initial (COMBO SEAT)","07/30/2026","200","2010","MOMAGIC 12 LLC","SEAT","","MOMAGIC 12 LLC","Tara Dicks","439 SW MAIN BLVD"," ","LAKE CITY","FL","32025","386-755-9673","22","WINGSTOP"," ","6320 CLARCONA OCOEE RD STE 120","","","LOCKHART","FL","32810","58","Orange","321-800-6135","D4","21","SEA5816671","20","20","04/01/2027","06/15/2026","20","",""
"1748988","Issue Initial License(NOST)","08/17/2026","200","2010","MOMAGIC 21 LLC","NOST","","MOMAGIC 21 LLC","","3670 MAGUIRE BLVD","SUITE 305 ","ORLANDO","FL","32803","407-844-7882","58","WINGSTOP"," ","10799 MOSS PARK RD STE 105","","","ORLANDO","FL","32832","58","Orange","407-844-7882","D4","22","NOS5816372","20","20","04/01/2027","08/17/2026","0","",""
"1750362","Plan Review and Initial (COMBO NO SEAT)","08/06/2026","200","2010","BRG PIZZA 2 LLC","NOST","","BRG PIZZA 2 LLC","","2500 PARK ROYAL DR"," ","WINDERMERE","FL","34786","828.279.6148","58","MARCO'S PIZZA 8618"," ","8800 SEIDEL RD STE 110","","","WINTER GARDEN","FL","34787","58","Orange","689-600-7550","D4","23","NOS5816686","20","20","04/01/2027","08/06/2026","0","",""
"1751279","Plan Review and Initial (COMBO SEAT)","09/18/2026","200","2010","BIG BOWLS TWO LLC","SEAT","","BIG BOWLS TWO LLC","","18003 PINE HAMMOCK BLVD"," ","LUTZ","FL","33548","813-777-2115","39","FRESH'N FUN - WINGS & BOWLS"," ","3340 E SEMORAN BLVD","","","APOPKA","FL","32703","58","Orange","813-777-2115","D4","21","SEA5816722","20","20","04/01/2027","09/18/2026","40","",""
"1764222","Plan Review and Initial (COMBO SEAT)","09/22/2026","200","2010","RA MARTINEZ SPINELLI CORP","SEAT","","RA MARTINEZ SPINELLI CORP","","8530 PALM PKWY #7207"," ","ORLANDO","FL","32836","702-544-5222","58","AMOR Y CHILE MEXICAN RESTAURANT"," ","3818 EDGEWATER DR","","","ORLANDO","FL","32804","58","Orange","702-544-5222","D4","24","SEA5816726","20","20","04/01/2027","09/22/2026","171","",""
"1795073","Plan Review and Initial (COMBO SEAT)","07/17/2026","200","2010","DRURY PLAZA HOTEL ORLANDO LAKE BUENA VISTA LLLP","SEAT","","DRURY PLAZA HOTEL ORLANDO LAKE BUENA VISTA LLLP","LeeAnn Lueneburg","13075 MANCHESTER RD, SUITE 200"," ","ST. LOUIS","MO","63131","3144236698","725","DRURY PLAZA HOTEL DISNEY SPRINGS-THE COFFEE BAR"," ","2000 HOTEL PLAZA BLVD","","","ORLANDO","FL","32830","58","Orange","314.423.6698","D4","18","SEA5816661","20","20","04/01/2027","07/17/2026","29","",""
"1805498","Issue Initial License(NOST)","07/17/2026","200","2010","CARTA ORLANDO, LLC","NOST","","CARTA ORLANDO, LLC","","9441 DOWDEN RD"," ","ORLANDO","FL","32832","(321) 888-7212","58","CARTA ORLANDO, LLC"," ","1020 W MICHIGAN ST","","","ORLANDO","FL","32805","58","Orange","(321) 888-7212","D4","24","NOS5816513","20","20","04/01/2027","07/17/2026","0","",""
"1805754","Plan Review and Initial (COMBO SEAT)","07/27/2026","200","2010","SHAKE SHACK FLORIDA LLC","SEAT","","SHAKE SHACK FLORIDA LLC","Shake Shack Permits","1223 N LEE HWY #262"," ","LEXINGTON","VA","24450","702-329-0365","747","SHAKE SHACK #1817"," ","7800 DR PHILLIPS BLVD STE 300","","","ORLANDO","FL","32819","58","Orange","347-573-1940","D4","45","SEA5816669","20","20","04/01/2027","07/27/2026","101","",""
"1807895","Plan Review and Initial (COMBO SEAT)","09/18/2026","200","2010","TAVISTOCK LNW RESTAURANT 1 LLC","SEAT","","TAVISTOCK LNW RESTAURANT 1 LLC","ARIANA","5947 LAKE NONA BLVD"," ","ORLANDO","FL","32827","305-789-2763","58","CANONITA"," ","5947  LAKE NONA BLVD","","","ORLANDO","FL","32827","58","Orange","","D4","22","SEA5816723","20","20","04/01/2027","09/18/2026","256","",""
